Keyword,Frequency
구리,344
헤어,224
학원,185
교습,142
의원,134
갈매,104
카페,99
커피,82
수학,67
식당,65
한의원,64
치과,64
미용실,64
네일,62
약국,60
미술,60
뷰티,59
치킨,57
영어,51
스터디,45
곱창,45
수산,42
우리,42
영어학원,38
헤어샵,37
아모레,37
연습장,36
음악학,35
수학학원,34
피아노,33
아트,32
필라테스,31
노래,31
김밥,31
포차,30
아이,30
사랑,29
골프,29
태권도,28
호프,28
살롱,28
교문,27
에스,26
안경,26
제이,26
스튜디오,26
아이스크림,24
케어,23
상회,23
오늘,23
피자,23
그린,22
사무소,22
푸드,22
토평,22
통닭,21
떡볶이,21
정육점,21
플라워,21
구장,21
케이,21
아카데미,20
에이,20
슈퍼,20
고기,20
인창,20
창점,19
족발,19
교육,19
칼국수,18
스킨,18
구이,18
음악,17
갈비,17
대국,17
플러스,17
에스테,17
전기,17
지사,17
식품,16
숯불,16
철물,16
냉면,16
청소년,16
삼겹살,16
스포츠,15
연구소,15
자동차,15
축산,15
바디,15
스타,15
반찬,15
인테리어,15
동물병원,15
건강,14
공업,14
마을,14
맥주,14
참치,14
돌다리,14
옛날,14
지씨,14
모터,13
미소,13
라인,13
피부,13
뮤직,13
협동조합,13
뚜껑,13
짬뽕,13
마루,13
컴퓨터,12
보쌈,12
꼬치,12
외판,12
드림,12
카운셀러,12
행복,12
독서,12
논술,12
관리,12
남양,12
푸른,11
육회,11
분식,11
스토리,11
머리,11
토피아,11
중앙,11
평점,11
노래방,11
휘트니,11
감자탕,11
나무,11
조명,11
이비인후과,11
교실,11
인생,11
경희,11
통신,11
마리,11
당구,10
공인,10
중개사,10
매점,10
내과,10
뜰리,10
소아,10
국어,10
닭발,10
쭈꾸미,10
마이,10
의학과,10
에이치,10
미용,10
국수,10
샤인,10
세탁,10
국어학,10
잉글리쉬,10
잉글리시,10
스카이,10
발달,10
하이,10
연세,10
세탁소,10
우동,9
달달,9
바이크,9
키즈,9
감성,9
삼보,9
패션,9
심리상담,9
부방,9
가게,9
테라,9
프로,9
장자,9
보청기,9
하나,9
컴퍼니,9
고향,9
친구,9
버거,9
빨래,9
이용원,9
에듀,9
한우,9
온누리,8
과일,8
복싱,8
문구,8
비어,8
무인,8
스시,8
수선,8
소담,8
쉐프,8
농원,8
국밥,8
삼겹,8
돼지,8
번지,8
에이스,8
달인,8
으뜸,8
골드,8
청과,8
유리,8
부부,8
닭강정,8
대원,8
타이어,8
건어물,8
모텔,8
스쿨,8
다인,8
이모,8
대박,8
요가,8
청년,8
슈가,8
해장국,8
횟집,8
리안,7
떡집,7
사진관,7
파티,7
이삭,7
더블유,7
안경원,7
할머니,7
밥상,7
우리동네,7
파스타,7
엄마,7
왁싱,7
돈까스,7
닭갈비,7
전주,7
조이,7
누리,7
아이스,7
바이,7
용인대,7
웰빙,7
체육관,7
점핑,7
미래,7
다방,7
요양보호사,7
위드,7
수리,7
방앗간,7
초밥,7
택점,7
테크,7
코코,7
힐링,7
의료,7
아동,7
건재,7
뉴스,7
동태,7
양평,7
포토,7
스크린골프,7
스파,6
팩토리,6
코인,6
익스,6
프레,6
농산,6
마음,6
토스트,6
카츠,6
김밥천국,6
홍어,6
순대,6
사우나,6
사회,6
하루,6
집밥,6
갤러리,6
스크린,6
나이스,6
태후,6
만두,6
마취,6
통증,6
러브,6
전문점,6
야채,6
브로,6
데이,6
탁구,6
세븐,6
대성,6
플로,6
노가리,6
시골,6
라미,6
대림,6
두부,6
크리,6
청담,6
사람,6
피트니스,6
주차,6
홀릭,6
역점,6
여관,6
셀프,6
로스,6
남양주,6
테니스,6
디저트,6
참숯,6
아르,6
블루,6
에프,6
에스제이,5
리더,5
클린,5
캠퍼스,5
댄스,5
앤비,5
동원,5
화로,5
호수,5
이야기,5
고봉,5
화장품,5
푸줏간,5
고려,5
곰탕,5
정신건강,5
강정,5
백숙,5
추어탕,5
호텔,5
찌개,5
땡큐,5
뉴욕,5
치즈,5
동구릉,5
이화,5
비뇨기,5
방판,5
남자,5
요거트,5
정성,5
금강산,5
케이크,5
피자스쿨,5
애견,5
사고력,5
매머드,5
주차장,5
염소,5
순두부,5
뚜레쥬르,5
재활,5
레벨,5
할인,5
총각,5
루나,5
행운,5
열쇠,5
공주,5
하트,5
스마트,5
시스,5
진주,5
아이비,5
독서실,5
가구,5
모바일,5
아이폰,5
부대찌개,5
기름,5
염색,5
공장,5
과학,5
그림,5
공구,5
마스터,5
한빛,5
럭키,5
호남,5
봉구,5
주짓수,5
프라임,5
애니,5
명품,5
어학,5
카페인,5
김치,5
세무사,5
스마일,5
꽈배기,5
플레이,5
보배,5
유니,5
막창,5
맥스,5
과자,5
가람,5
창고,5
최강,4
미아,4
장어,4
라운드,4
미니,4
육개장,4
국제,4
평생교육,4
반점,4
바베큐,4
해원,4
성원,4
애플,4
알뜰,4
머리방,4
개인,4
빈대떡,4
해물,4
복지,4
매운갈비찜,4
정원,4
조개,4
샌드위치,4
약초,4
찹쌀,4
토종,4
아이디,4
어스,4
기와,4
일화,4
청춘,4
해피,4
할인점,4
한식,4
니스,4
피부관리,4
리스,4
황금,4
파파,4
아지트,4
조선,4
압구정,4
키친,4
이안,4
산마루,4
고수,4
선생,4
모던,4
상상,4
로드,4
미네,4
다이어트,4
마임,4
텔레콤,4
상점,4
조림,4
시장,4
구제,4
세상,4
연어,4
순이,4
공간,4
아우,4
프리미엄,4
부페,4
스피드,4
바다,4
중국어,4
입시,4
매장,4
코다리,4
제작,4
우지,4
엘림,4
다리,4
오케이,4
오토바이,4
주원,4
여기,4
에어컨,4
강아지,4
베이글,4
보리,4
미림,4
레이스,4
두리,4
보습,4
타코,4
처갓집,4
라비,4
하늘,4
프랭크,4
명문,4
예담,4
타임,4
진성,4
실내,4
화원,4
정형외과,4
일리,4
동부,4
이발관,4
쥬얼리,4
바스,4
실용음악,4
도담,4
닥터,4
상담,4
아구찜,4
꼬꼬,4
리본,4
이레,4
레드,4
아름,4
전통,4
닭볶음탕,4
블루클럽,4
굿모닝,4
리딩,4
플렉스,4
래빗,4
노랑,4
춘천,4
산부인과,4
라라,4
전자담배,4
핫도그,4
브라운,4
금호,4
주니어,4
캐롬,4
만물,4
오토,4
써니,4
드럼,4
태양,4
도시락,4
오리,4
비욘드,4
성진,3
트레이닝,3
리치,3
고을,3
패럴,3
엑스,3
와플,3
대우,3
테리어,3
바둑,3
엔씨,3
아치,3
과외,3
보원,3
천국,3
라운지,3
인쇄,3
수제,3
냉삼,3
심마니,3
신의주,3
정통,3
설빙,3
올레,3
리얼,3
배달,3
오름,3
과학학,3
담꾹,3
글로리,3
안성,3
풍년,3
가온,3
라이프,3
상떼,3
영광,3
천사,3
이에프,3
렉스,3
제이골프,3
맛집,3
속초,3
김정희,3
바리스타,3
안녕,3
토리,3
앤제이,3
미보,3
콤마,3
콩나물,3
원조,3
멸치,3
비비큐,3
경희대,3
농장,3
그레이,3
사임당,3
명동,3
이드,3
칼라,3
벨라,3
고등학교,3
보드,3
아주,3
공예,3
생선,3
자연,3
사랑방,3
우먼,3
센스,3
트리,3
이엠,3
명성,3
샤론,3
건축,3
피플,3
수정,3
삼천리자전거,3
고등어,3
청소,3
소정,3
부티크,3
동양,3
운동,3
장수,3
이불,3
알쭈,3
안주,3
침대,3
어린이,3
도시,3
고고,3
초원,3
축산물,3
떡방,3
명가,3
파스텔,3
맘스,3
노리,3
편의점,3
부속,3
거리,3
여행,3
히어로,3
국가대표,3
공조,3
양념통닭,3
삼촌,3
바이올린,3
그루밍,3
타워,3
유성,3
타일,3
검도,3
스테이,3
개성,3
몬스터,3
술집,3
모토,3
호야,3
엔젤,3
마로,3
직판,3
사진,3
타바코,3
진영,3
고시텔,3
퀸즈,3
싱글,3
엔비,3
한솔,3
기구,3
역전,3
우성,3
대미,3
미라클,3
브레드,3
명인,3
스테이션,3
싱싱,3
숙성,3
요리,3
스케치,3
병천,3
금방,3
렌즈,3
먹거리,3
가족,3
나라,3
공감,3
프리,3
트리플,3
펫샵,3
안심,3
삼계탕,3
소아과,3
헤어아트,3
루미,3
천일,3
민물장어,3
비상,3
진사,3
아구,3
아담,3
마스,3
클래스,3
동해,3
자전거,3
사골,3
대명,3
미사,3
장애,3
딜리,3
골뱅이,3
매직,3
박스,3
호식,3
중화,3
학교,3
날개,3
봉봉,3
원앙,3
리드,3
갈비탕,3
토마토,3
콘택트,3
코지,3
페인트,3
설비,3
양푼,3
진로,3
원룸,3
가스,3
플랜,3
피치,3
합기도,3
삼화,3
토탈,3
금강,3
기쁨,3
산후조리원,3
블리,3
잉크,3
낚시,3
포유,3
장미,3
언니네,3
블랙,3
위니,3
나비,3
수택,3
매운탕,3
정육,3
해성,3
설렁탕,3
소비,3
헬로,3
코바,3
여우,3
덕소,3
수집,3
이유,3
비지,3
로이,3
디알,3
하슬라,3
마당,3
오봉,3
청담동,3
길동,2
보석,2
해머,2
유진,2
직영,2
동생,2
국체,2
태평양,2
이음,2
리틀,2
엠비씨,2
한나,2
성모,2
패밀리,2
대학,2
슬로우,2
미식,2
가의,2
강산,2
판넬,2
디엠,2
세기,2
그루,2
성우,2
풀림,2
왕숙,2
도로,2
정관,2
불로,2
풍천,2
해변,2
브루,2
뉴월드,2
안흥,2
룩스,2
타이거,2
풀잎,2
문화,2
수족관,2
탄산,2
참조,2
허그,2
토즈,2
소망,2
선명,2
청정,2
아차산,2
현정,2
우소,2
어랑,2
구리시,2
공차,2
장춘,2
대감,2
낙원,2
떡방아,2
쮸쮸,2
모퉁이,2
산모,2
도우미,2
신화,2
다산,2
통큰,2
세라믹,2
남매,2
실로,2
잇츠,2
복판,2
두메,2
깍두기,2
오빠,2
아비,2
멧돌,2
오씨,2
에너지,2
에바,2
멀티,2
스포,2
우촌,2
진명,2
무지개,2
기사,2
통통,2
미당,2
현지,2
페이스,2
홈즈,2
구리아,2
토스,2
도도,2
퍼스트,2
오브,2
더데,2
피카소,2
날짜,2
동구,2
허브,2
다스,2
리브,2
콜렉션,2
만족,2
아르떼,2
오페라,2
샬롬,2
유수택,2
순천,2
완도,2
유황오리,2
바글,2
페리,2
카나,2
퍼센트,2
부뚜막,2
남원,2
모멘트,2
게이트,2
사업,2
벌툰,2
텍사스,2
국빈,2
피팅,2
나인,2
데코,2
그랑프리,2
고깃집,2
감탄,2
돈가스,2
소머리국밥,2
코리,2
레이,2
무역,2
번영,2
왕십리,2
히어링,2
새롬,2
톡톡,2
뚝딱,2
리아,2
루카,2
아크,2
나래,2
온달,2
또또,2
잡화,2
수산시장,2
남도,2
스타일,2
청바지,2
다드,2
픽스,2
생각,2
리학,2
바이브,2
리터,2
병원,2
지나,2
린업,2
동산,2
허니,2
철길,2
부산집,2
주방,2
청솔,2
카앤,2
형제,2
일꾼,2
이투스,2
초심,2
미스터,2
상구,2
볶음밥,2
자매,2
손맛,2
포케,2
코스,2
호떡,2
남옥,2
마장동,2
이나,2
일등,2
블리스,2
건업,2
에코,2
앤북,2
리다,2
안은영,2
쿵푸,2
방아,2
홀름,2
아레나,2
얼음,2
대치,2
성형,2
외과,2
가우,2
붕어,2
장원,2
샛별,2
골목,2
배사,2
라이,2
서적,2
민영,2
구리시장,2
애인,2
복지관,2
그램,2
유정,2
이공,2
애비뉴,2
무관,2
도장,2
코오롱스포츠,2
보일러,2
온에어,2
한복,2
의류,2
소매,2
신발,2
레몬,2
엔젤스,2
보감,2
베스킨라빈스,2
애견미용실,2
지성,2
반도,2
블럭,2
그릇,2
미담,2
고릴라,2
서방,2
누룽지,2
와이즈,2
힐스,2
검정고시,2
이스케이프,2
은혜,2
문어,2
양념치킨,2
정가,2
티나,2
맑은,2
안마,2
골든,2
동물,2
미건,2
스톤,2
아부,2
천문대,2
소호,2
캔디,2
버디,2
헤리티지,2
은성,2
피스,2
판매,2
루프,2
신성,2
이지스,2
카이,2
가마치,2
베이스,2
대일,2
피아,2
남해,2
미르,2
야호,2
더엠,2
에덴,2
파이팅,2
유림,2
생활용품,2
도기,2
나눔,2
태화,2
주얼리,2
범양,2
도림,2
자재,2
스핀,2
글라스,2
가마,2
런던,2
브릿지,2
쥬씨,2
감각,2
지관,2
유도,2
정석,2
모두,2
다음,2
요양원,2
인덕,2
오뎅,2
다육,2
제니스,2
댕댕,2
타투,2
견생냥품,2
고양이,2
공작,2
유앤아이,2
솔리드,2
빵집,2
약손,2
베이,2
백억,2
신선,2
북적,2
애드,2
찬미,2
영기획,2
카레,2
블레스,2
해법,2
엠에스,2
밥버거,2
해물찜,2
보리밥,2
회관,2
쎄븐,2
메이트,2
제청,2
엔조이,2
리트,2
매니저,2
어묵,2
돌이,2
가야,2
모노,2
자갈치,2
뚱보,2
줄넘기,2
닭집,2
나나,2
백년,2
김병수,2
치료,2
미성,2
마인,2
메인,2
느티나무,2
함소,2
옹기,2
직화,2
면옥,2
차이,2
올리브,2
담소,2
포식,2
달콤,2
함박,2
클라라,2
스케이트,2
김앤,2
윤영,2
잉글루수택제,2
우주,2
삼거리,2
엔지니어링,2
포스,2
중고,2
습소,2
창조,2
범프,2
천하,2
대길,2
화물,2
엠베스트,2
엘리트,2
일미,2
제이제이,2
거꾸로,2
시간,2
가발,2
산후,2
주점,2
세진,2
도서,2
앤톡,2
백옥,2
초이,2
큰집,2
다비치,2
내외,2
아마존,2
일터,2
피어,2
프롬,2
샤브샤브,2
대동,2
연탄구이,2
시유,2
그릭,2
통상,2
무봉리,2
이진,2
예원,2
식물원,2
솔빛,2
윤지,2
태닝,2
보스톤,2
구리역,2
축구,2
꽃길,2
도깨비,2
비버,2
클리,2
밥집,2
대양,2
팰리스,2
미래엔,2
리썸,2
지아,2
시원,2
초점,2
서로,2
신농씨,2
파리바게트,2
코코호도,2
제과,2
플리,2
예성,2
피씨,2
은주,2
차이나타운,2
낭만,2
베이비,2
라이트,2
윤스,2
초월,2
베리,2
아미,2
물류,2
베이커리,2
스물,2
동서,2
가치,2
아리따움,2
스낵,2
언어,2
도리,2
미미,2
주류,2
수인,2
토크,2
정일,2
항아리,2
죽앤,2
비빔밥,2
식탁,2
스탑,2
뮤엠,2
무인도,2
뻥튀기,2
마린,2
햇살,2
동네,2
김종구,2
마차,2
대웅,2
보보,2
잼잼,2
한촌,2
단지,2
가라사대,2
주막,2
이천,2
향기,2
테리,2
시오,2
리즈,2
양지,2
묵은지,2
가명,2
이티,2
스펙,2
또래,2
탄탄,2
짝태,2
횡성,2
어바웃,2
소방,2
더존,2
다오,2
크로스핏,2
덕현,2
맛손,2
승희,2
용달,2
오디션,2
와쿠,2
동명,2
동방,2
태권,2
리프,2
수택동,2
발레학원,2
모드,2
리베,2
이프,2
산짓골,2
강씨,2
장군,2
찜탕,2
락휴,2
으리,2
명륜,2
오공,2
나주,2
부어,2
화이트,2
성민,2
라이스,2
목포,2
배떡,2
가우스,2
루트,2
탑영,2
샘터,2
하모니,2
김밥나라,2
돈가츠,2
스팀,2
요미,2
로지,2
플로우,2
아나덴,2
아메리칸,2
쌍둥이,2
기탄,2
로또,2
대가,2
눈썹,2
앤유,2
쉬바,2
리테일,2
바이더웨이,2
오븐,2
구멍,2
신앙촌,2
부자,2
재정,2
꽃집,2
세계,2
도쿄,2
일본어,2
미나,2
발전소,2
장터,2
공임,2
베베,2
풀하우스,2
밧데리,2
가인,2
부흥,2
외과의,2
프렌즈,2
까치,2
헬스,2
스퀘어,2
볼링,2
가득,2
믿음,2
미장,2
운전면허,2
교동,2
카프리,2
아마,2
마미,2
속눈썹,2
산야,2
무용,2
줌마,2
농수산,2
코스모스,2
단비,2
황소,2
북부,2
미인,2
국수나무,2
드로잉,2
러쉬,2
사철탕,2
이비엠,2
포장마차,2
스윙,2
오아시스,2
송가,2
실험,2
레아,2
마녀,2
전자,2
이사,2
뱅이,2
닛시,1
날로,1
흐름,1
에블린,1
심쿵,1
아라랏,1
직선,1
퍼스,1
드야,1
리우,1
자갈,1
밤짐,1
홍어회,1
이빛나,1
빈빈,1
비틀,1
더회,1
서희,1
바를레,1
핑크,1
제우스,1
마님,1
베드,1
느낌,1
발렌타인데이,1
이비가,1
로데오,1
윤우,1
뮤즈,1
용진,1
엔트,1
클릭,1
부품,1
데일,1
리카,1
홍희,1
리나,1
매월,1
엄지,1
페스,1
테판,1
성훈,1
아쿠아,1
오드리햅번,1
게인,1
초향,1
포천,1
칠만,1
방수,1
자작나무,1
생활환경,1
사량,1
하종,1
체육,1
공원,1
이지아,1
퍼니판,1
우정식,1
위드미,1
이편,1
명지대,1
기파랑,1
나우,1
얌샘,1
홍도,1
닷지,1
귀뚜라미보일러,1
공설,1
로메,1
수택전,1
차돌,1
초례,1
청주,1
씨드,1
잡곡,1
슈슈,1
엑기스,1
오예,1
끌레르,1
익수,1
올바로,1
엄나무,1
댕기,1
해독,1
유케,1
할리스,1
미그,1
최고다,1
국면,1
코드,1
제노,1
품앗이,1
자랑,1
단화,1
멤버십,1
양다리,1
맷돌,1
동해안,1
대접,1
선진,1
성동,1
타이,1
기다림,1
과실,1
아날로그,1
프로젝트,1
주리,1
망고,1
브라질,1
흑기사,1
천지,1
황씨,1
꼬쟁,1
무제,1
구봉,1
카페테리아,1
구슬,1
혼밥샤브,1
일품,1
김민,1
이린,1
진짜,1
키웨스트,1
동의,1
보양,1
옷방,1
해품,1
문래동,1
지젤,1
호리,1
해인,1
담쟁이,1
재널큐,1
막창구이,1
향골,1
캘리포니아,1
어귀,1
새벽,1
손죽집,1
에이미,1
에이초,1
제이스,1
잔디,1
골막,1
브롱스,1
자미원,1
달리,1
젬마,1
메이크업,1
서부,1
오투,1
시연,1
아늑,1
영심,1
지연,1
어죽나,1
덴마크,1
마가린,1
정안,1
아로마테라피,1
뷰티플,1
픽미픽미,1
웰킨,1
미웰,1
나루터,1
뷔페,1
장스,1
개성시대,1
모찌,1
알베르토,1
연아,1
로하스,1
라보,1
수지,1
인셀덤,1
초음파,1
선디,1
좌훈쑥뜸방,1
휴브,1
열사,1
옹골,1
진생,1
세프,1
김도형,1
단발머리,1
승연,1
마늘,1
어반,1
레야샵,1
하울,1
상우,1
알탕,1
부스,1
강금옥,1
민국,1
부처,1
블링,1
제과제빵,1
울진,1
조태훈,1
코앤,1
유의,1
부엌,1
파차,1
유메,1
꿀떡,1
맵떡,1
포플러,1
스트레칭,1
유다,1
풍운,1
대만원,1
딜리셔스,1
우가네뽈탕뽈찜,1
도너츠,1
이종환,1
갈매나무,1
스르,1
슬림앤스트롱,1
헬스장,1
이그리,1
고시,1
메리트,1
빵꾸똥꾸,1
이동우,1
남성,1
로커,1
컨셉,1
씨앤,1
백양,1
곱깨비,1
해장,1
오감,1
가정식,1
최유정,1
미정,1
세계사,1
재료,1
마장,1
초례청떡방,1
오마이,1
롤로,1
돌산,1
토방,1
감악산,1
꼬기,1
공릉동,1
동궁,1
찜닭,1
오이,1
체인,1
충만,1
텐구,1
언덕길,1
더쌍,1
천산,1
박사,1
환상,1
재은,1
유매,1
열매,1
도서관,1
이호,1
스칸,1
현우,1
랑데부,1
미스사이공,1
썸데이,1
루벤,1
파이널,1
홀덤,1
눈누,1
이븐,1
카짐,1
본당,1
박경,1
더원,1
수현,1
불란서,1
디렉터,1
브론즈,1
마니아,1
하오마,1
팔각,1
씨스터,1
황돈,1
티케,1
해밀톤,1
복점,1
보성,1
폭스,1
금요일,1
소로,1
코스트,1
금화,1
회집,1
호레타,1
쁨왁싱,1
보고,1
루베,1
세리노,1
리미,1
공부,1
조이스,1
혜화로,1
오꾸꼬,1
벨톤,1
유치원,1
어썸프룻,1
연화산,1
연가,1
욜로,1
지미,1
레이디,1
벅스,1
유아,1
제프,1
오일,1
가책,1
비타민,1
목공,1
돌솥밥,1
애폴,1
갈전,1
이선,1
팝쿡,1
정희,1
큰옷크레빅,1
강정아,1
알미늄,1
리무,1
긱스,1
승주,1
인증,1
터틀,1
보신탕,1
포낙,1
이발,1
웨이브,1
네이처,1
푸스,1
진품,1
애드원,1
수목,1
위강,1
아웃,1
홈플레이트,1
심야,1
머꼬,1
갈래,1
석교,1
동성,1
로시,1
안씨,1
무교,1
음악원,1
명현,1
간장게장,1
편집,1
북극해,1
구들장,1
돌판,1
구리지,1
레나,1
비화,1
본스타,1
이세돌,1
폼짐,1
홍제동,1
오야,1
예진,1
한라,1
덮다,1
수수깡,1
파리지앵,1
위스,1
베럴,1
데이즈,1
피시,1
테스,1
장사꾼,1
필드,1
봉화,1
옥천,1
마기,1
신경,1
회사,1
은산,1
신촌,1
엘이디,1
양봉,1
스매싱,1
대표,1
딸기,1
소도,1
스칼렛,1
연기,1
이인,1
리차,1
꿀밥,1
이명철,1
정봉,1
박정일,1
지엔피,1
리빈,1
스코어,1
라벤더,1
로담,1
부더,1
추억,1
만들기,1
한잔,1
요트,1
아동복,1
숙녀,1
테이크,1
들락,1
프라이,1
아씨,1
수라,1
아이스롤리,1
맘마,1
밀당,1
북극곰,1
까뿌족,1
대륙,1
카독,1
캡숑,1
정담,1
동백,1
명렬,1
미쁘당,1
루틴,1
럽온미,1
방문,1
원숭이,1
순례,1
더맛,1
비로소,1
도프,1
르꼬,1
최준호,1
금사,1
제이에이치,1
메타,1
귀태,1
여주,1
사계절,1
바람,1
그레이스,1
진흥,1
왕자,1
호랑이,1
아이유,1
시크,1
스즈키,1
첼로,1
백호,1
파울러,1
연필,1
핸즈,1
상인,1
홍콩,1
지우,1
개구리,1
마라천,1
미드,1
플랫,1
민희,1
마마,1
란제리,1
속옷,1
분양,1
퍼피,1
별천지,1
얼라이언스,1
동우,1
챔피온,1
수택꽃집,1
임스,1
난이,1
윌쌤,1
한혜연,1
아나봄펫,1
축복,1
토비,1
재활용,1
도예,1
장미화,1
실락원,1
고모,1
라지,1
오후,1
왕벌,1
김경복,1
봄여름가을겨울,1
해적선,1
명물,1
시안,1
콜밴,1
선집,1
아모,1
에버,1
스프링,1
포둥,1
창작,1
금지,1
오드리,1
헵번,1
클래시,1
다소니,1
돈돈,1
하버드,1
권쌤,1
소피아,1
성광,1
트루,1
정우,1
기타,1
찰보리,1
식빵,1
밀크,1
메이드,1
런앤런,1
신성호,1
심장,1
혈관,1
흉부,1
이기,1
에듀모아,1
신의,1
막강,1
종결,1
송어,1
상어,1
셀파,1
우등,1
대용,1
커머스,1
이즈,1
리멤버,1
우드,1
지스,1
인숙,1
뉴런,1
이스턴,1
미나토,1
청궁,1
중화요리,1
지압,1
마사지,1
리창,1
수구레,1
연길,1
양고기,1
원인,1
박용,1
네프,1
뱅드따블,1
진우,1
명궁,1
남경,1
휩슈,1
왼손잡이,1
홍익,1
한진,1
손바닥,1
빈티,1
코너,1
해산물,1
연산,1
작두,1
앳홈,1
컬컴,1
한장,1
안전,1
바바라,1
양말,1
콜핑,1
포츠,1
에스더,1
히든,1
테이블,1
바빈스,1
왁스,1
연지곤지,1
뷰티살롱,1
표블리,1
비비드,1
미학,1
어드벤처,1
사이언스,1
까까머리,1
바버샵,1
미네르바,1
서점,1
에이트,1
정민,1
엘리자,1
대하,1
창의,1
수업,1
캠프,1
신통,1
멕시카,1
이승희,1
쁘띠,1
모니카,1
꽃잎,1
연두,1
놀이터,1
앵글,1
상신,1
벤츠,1
디젤,1
카프로,1
로그인,1
원점,1
위즈,1
일오,1
펄스,1
사과나무,1
레일,1
플래닛,1
만물상,1
원두막,1
신물,1
춘자,1
한정식,1
맛찬,1
소년,1
행성,1
솜사탕,1
낙탕,1
라이프니츠,1
도로시,1
매스,1
종이,1
컴퓨터아트,1
각도,1
베니,1
매듭,1
고목,1
무집,1
크로우,1
모차르트,1
경일,1
박경수,1
우무,1
초이스,1
시크릿,1
세아,1
노엘,1
새싹,1
유나,1
가비,1
에메랄드,1
귀빈,1
트러스트,1
봄날,1
이지,1
귀뚜라미,1
망향,1
비빔국수,1
포쉬,1
빅팀,1
템즈,1
삼육이,1
와스,1
외국어,1
고려대학교,1
스고이,1
정신,1
포목,1
슈크림,1
대주,1
디올,1
구역,1
국산,1
한약재,1
효리,1
통나무,1
시선,1
마인드,1
끌레,1
신가,1
두렁,1
닥치고,1
소하,1
김태식,1
박시현,1
라파엘,1
통합,1
이취,1
냉동,1
난방,1
붕어빵,1
미노,1
무에타이,1
상일,1
두피,1
용문,1
하마,1
자인,1
수지침,1
바바,1
왓더,1
오므라이스,1
둘둘,1
닭다리,1
자연미,1
건국,1
스코리아,1
상록,1
라크,1
어드레스,1
친친,1
아헨,1
노인,1
화포,1
함지박,1
영감,1
로꼬,1
강생이,1
꼬까,1
뽀몽뽀몽,1
비단,1
은별,1
대훈,1
파트라,1
동점,1
담양,1
디아,1
알라,1
매드,1
반장,1
송화,1
닉로,1
이승현,1
펫이좋,1
마포,1
티엠,1
부강,1
푸르넷,1
글맥,1
정독,1
송송,1
확신,1
경진,1
금산,1
바인,1
고조,1
차차차,1
로디,1
다화,1
아지,1
초코,1
다운,1
돗꽈비,1
플레그,1
디제이,1
한가람,1
못궁,1
곱슐랭,1
아이미,1
바로,1
플란트,1
민정식,1
엠앤엠,1
째즈,1
조은하루,1
부농,1
다도,1
엠씨,1
헤브론,1
수치,1
음치,1
정성호,1
써비,1
대화,1
목구멍,1
다알리아,1
알콜,1
블링블링,1
피앤비,1
삼학도,1
배식,1
호가든,1
수수꽃다리,1
종점,1
청실,1
까르소,1
디바,1
이분,1
주네,1
참누렁소,1
햇님,1
리페,1
바니,1
책방,1
레고,1
수퍼,1
규리,1
신흥,1
김정,1
윤명선,1
최지연,1
박정,1
메세지,1
지노,1
보타,1
정스,1
선샤인,1
리빙텔,1
루니,1
팅커벨,1
자세,1
기복,1
키노,1
윤준,1
스카,1
건철,1
코튼,1
미쉘,1
카라,1
콩쥐,1
클레오,1
케이에스,1
티얼,1
웰치,1
유미,1
임온,1
더하기,1
우애,1
돈카츠,1
큐슈,1
등불,1
이루,1
미스터고,1
자율,1
손수만,1
태윤,1
극장,1
거북,1
마디,1
케밥,1
문정,1
빗집,1
피기,1
스터,1
김포,1
오리궁,1
신마,1
홍스,1
회연,1
티아이,1
메카,1
예일,1
산카,1
버튼,1
플레인,1
정연,1
윤동현,1
컴넷,1
전산,1
워치,1
숲점,1
윈팰,1
수성,1
볼트,1
우미관,1
응급실,1
국물,1
이화수,1
어울림,1
로나,1
계란,1
틈새,1
샤맛,1
메리,1
마는,1
터키,1
홍굼,1
김선영,1
시그마,1
자스민,1
앵콜,1
어거스트,1
꼬치꼬치,1
소파,1
대흥사,1
힐스테이트,1
캠핑장,1
루시,1
까꼬뽀꼬,1
폴리,1
덴트,1
당제,1
갱스,1
깡돈,1
브라더스,1
점심밥,1
저녁,1
시작,1
렌트카,1
펀픽,1
이점,1
요안나,1
유피,1
못난이,1
아더,1
까페,1
모리,1
최지원,1
신동,1
수덕,1
예체르,1
양군,1
태풍,1
하늘소,1
꾸밈,1
티티,1
정식품,1
꾸러미,1
스윗,1
신전,1
김소영,1
수록,1
인사,1
은하수,1
금란,1
컷트,1
아롬,1
꾼태닝,1
다주,1
사슴,1
웰펫,1
장수식,1
돈애,1
아차산로,1
맛깔,1
퓨전,1
정경진,1
신청,1
무태,1
히어로즈,1
꽃게,1
화반,1
신비,1
크라운,1
묘키,1
라떼,1
최선,1
치코,1
파닭,1
바베큐치킨,1
돌화격,1
보슬비,1
한양대,1
새봄,1
나쁜남자,1
주주,1
현이,1
미모,1
자가,1
제빵,1
강경,1
불고기,1
팔레,1
회식,1
옹기종기,1
프렌,1
머릿발,1
우노,1
영원한미소,1
포레,1
오민지,1
세탁기,1
매트리스,1
공식,1
바야흐로,1
제곱,1
인창동,1
장원교육,1
해신,1
어시장,1
배성열,1
황서연,1
뭉티기,1
연화,1
우진,1
아티스,1
등수,1
악대,1
문원,1
아침,1
클래식,1
모어,1
오프,1
옷샘,1
비채,1
러닝,1
공터,1
골든타임,1
정시,1
노크,1
김연우,1
코칭,1
바름,1
대신,1
정기,1
김용섭,1
이강일,1
아르케,1
예스,1
헤일리,1
분석,1
해브투비,1
현수막,1
학생복,1
일광,1
주단,1
우사,1
윤아,1
벨에포크,1
베이커스필드,1
구비,1
생생,1
진수,1
성찬,1
이빈,1
가우디,1
날떡,1
한과,1
민지,1
광천,1
고추,1
픽미픽,1
이스,1
천조,1
포크,1
아트웍,1
아로마,1
이금숙,1
통곡,1
모유,1
육아,1
정성화,1
친환경,1
다나,1
롭다,1
디스,1
라임,1
부영,1
흥농종,1
묘사,1
도마,1
정보사,1
출판,1
엔지니어,1
프레임,1
파리,1
김호,1
두갈,1
몽슈슈,1
화륵,1
노모,1
신호,1
쪽집,1
모네,1
최애,1
주인,1
빙수,1
임병수,1
나미,1
개별,1
명준,1
연우,1
더로,1
파타야,1
은사,1
리쥬온플릭,1
활어회,1
품격,1
생맥주,1
경원,1
박서방,1
성주,1
누구,1
홀닭,1
포스타,1
박항,1
정재숙,1
트론,1
케이엠,1
수퍼마켓,1
중부,1
청아,1
석재,1
오메가,1
스브스,1
크리스탈,1
벨루치,1
스위치,1
목욕탕,1
야간,1
보호,1
플러그,1
다래,1
리봄,1
바림,1
토브,1
이미지,1
한일,1
슬립,1
지수,1
프로젝터,1
한일전기,1
지산,1
종량업,1
줄줄이,1
줄눈,1
은인,1
막사,1
왕새우,1
진원,1
엘더,1
쿠코,1
루아,1
샌드레브,1
봉담,1
도매시장,1
가야금,1
경호,1
과목,1
라엘,1
김수진,1
끼니,1
낭자,1
낭군,1
퀸비,1
베누스,1
보라,1
맑음,1
수기,1
복고,1
빠숑,1
금복주,1
포몬스,1
등심,1
양돼지,1
팔개,1
빌드,1
용궁,1
남강,1
나담,1
서바이벌,1
벙커,1
야자,1
문안,1
만세,1
시우,1
넘버원,1
명랑,1
일사이,1
파머스,1
여왕,1
기차,1
얼짱,1
몸짱,1
플로렌스,1
챠밍,1
미즈,1
김석호,1
에스플러스,1
미약,1
랄로,1
여름,1
유월,1
넘버,1
펠어,1
집중,1
하임,1
근라쌤,1
유베,1
쥬트,1
효진,1
도브,1
노블,1
손오공,1
인스타,1
앤티,1
선수,1
암산,1
주산,1
성은,1
신명,1
아벨,1
다짐,1
고시원,1
점해,1
법수,1
리미트,1
쿠치,1
백수,1
앤밀,1
치어스,1
뱅뱅,1
고고스,1
스트라이크존,1
사거리,1
토박이,1
영화,1
제니,1
헤미,1
꼼빠니,1
코코리,1
클로젯,1
앤주,1
우연,1
선물,1
코이노니아,1
루멘,1
옵튜,1
츄리,1
나영,1
젠틀맨,1
김경애,1
배터리,1
수택점,1
기아,1
톰슨,1
숀스,1
앤리,1
정복,1
지름길,1
헬퍼,1
킹콩,1
토트,1
이동인,1
지니,1
위너,1
유샘,1
간호학,1
데스크,1
레브,1
에스엘,1
문장,1
이선영,1
서상원,1
레코드,1
빈체,1
오노,1
알볼,1
손규,1
사허,1
대정,1
엘지,1
아리,1
봉명동,1
빈폴,1
레이어,1
해초,1
만선,1
늘봄,1
유경,1
만화애니,1
윤석현,1
그날,1
나인성,1
촉석루,1
번가,1
뼈찜,1
벌꿀,1
오소리,1
경아,1
정식,1
용신,1
파이트,1
이승,1
원유,1
도관,1
우림,1
유니폼,1
아이비클럽,1
창성,1
해듬공방,1
지유,1
어바웃빈티,1
박스타,1
구소영,1
서전,1
콘텍트,1
사디,1
인컨설팅,1
르네상스,1
여성,1
전용,1
엠제이헬스,1
서오릉,1
용이,1
바리,1
짚신,1
대도,1
이형,1
이발소,1
이철,1
뽀끌,1
정문,1
마랑,1
구월,1
조선일보,1
서인,1
구사,1
충전,1
비스타,1
빡샘,1
박승,1
수당,1
둘리,1
고구리,1
구리타워,1
가루,1
크로커다일,1
마코,1
빌보드,1
니뽕내뽕,1
홍춘,1
바닷가,1
얼음과자,1
또율,1
태호,1
휴대폰,1
인프라,1
데미지,1
나트,1
동안,1
일곱,1
로앤찬,1
별미,1
앙금,1
절구,1
공이,1
훈기,1
슈슈댕,1
체크,1
럽샵,1
사인,1
다모아,1
수목원,1
엠버,1
쥬네,1
초록,1
젤라,1
미명,1
인창불,1
한증막,1
디노,1
헤럴드,1
꽃떡,1
가츠,1
녹두,1
산동,1
라멘,1
미애,1
티엔,1
신협,1
하니,1
통합교육,1
지향,1
멘토,1
티어,1
반올림,1
그랜드,1
쌀롱,1
정인,1
도배,1
청록,1
미나리,1
하라,1
앵거스,1
도운,1
제복,1
사운드,1
더펍,1
브라,1
빵구,1
당신,1
우정,1
정의,1
대창,1
농축,1
중국,1
블로썸,1
오직,1
도그마,1
담뱃잎,1
스푼,1
사칠일,1
불꽃,1
박생,1
환의,1
위드유,1
최원,1
로보티,1
화쿵부,1
샹그,1
냉장고,1
호원,1
에스에프,1
파랑,1
양전기,1
공룡,1
정신과,1
쎈스,1
탐라,1
꼬생방,1
탕수육,1
쿠시츠키,1
기와집,1
파라,1
쿡앤찬,1
수평,1
참기름,1
성식,1
물가,1
도화,1
탕구리,1
뚱땡이,1
스랑,1
죽도,1
대관령,1
후라이드,1
꼬마,1
개구쟁이,1
앤젤,1
리앤,1
태릉,1
브이,1
엠모터스,1
세차장,1
미세,1
차장,1
파라다이스,1
깻잎,1
락로,1
수아,1
선녀,1
드네쥬,1
최윤,1
그로,1
벨리댄스,1
램프,1
라르고,1
라피,1
산호,1
해브잇,1
동진,1
팔도,1
꼼장어,1
상궁,1
우미,1
호디,1
크레페,1
무한리필,1
감자,1
옹심이,1
멕시칸,1
곡산,1
성어,1
선경,1
불교사,1
플레르연,1
국제화,1
다이노,1
자네,1
폭탄,1
해물탕,1
이박사,1
시절,1
코미,1
프린스,1
담스,1
각종,1
전하,1
핵밥,1
본원,1
걸음,1
에밀리,1
말랑미닛,1
오늘날,1
몽달,1
랑드,1
알리프,1
도니,1
아키,1
옷장,1
설탕,1
수박,1
앵두,1
우어,1
수영,1
미진,1
박상희,1
리블링,1
효자동,1
도모,1
고래,1
대포,1
상윤,1
털보,1
유명산,1
백합,1
여인숙,1
아들내미,1
필로,1
신주쿠,1
낙곱새,1
혜윰,1
민쌤,1
아줌마,1
선도,1
원더우먼,1
로이스,1
정성한,1
별관,1
콩심,1
뚝배기,1
굴림,1
타코야끼,1
사리,1
추닭집,1
민앤족,1
얼얼,1
또뽀끼,1
생막창,1
튀김,1
명일,1
미고,1
기분좋은날,1
앤지,1
지금,1
구성,1
하카,1
코퍼레이션,1
덕흥,1
주병,1
이돌,1
어촌,1
공과,1
막대기,1
보보스,1
동전,1
스타코,1
휴먼,1
베룹,1
젓갈,1
마키,1
짜장,1
타파,1
모델,1
가위,1
자비,1
스팟,1
볼링장,1
핑퐁,1
자뎅드베르,1
달봉,1
멘토르,1
마이티,1
비상에듀,1
깊이,1
통찰,1
팁탑,1
서울식,1
상차림,1
라누스,1
이포,1
나상윤,1
가브리엘,1
용가리,1
브레멘,1
아리아,1
놀작,1
바로크,1
유니크,1
키루스,1
김지,1
고스,1
피트,1
비투짐,1
우이,1
이학원,1
그리피스,1
리채,1
파란,1
서진,1
해밀촌,1
워시쿱,1
놀숲,1
제록스,1
대한민국,1
케이오피스,1
박은경,1
률스,1
박현,1
김경,1
새송이,1
주유소,1
롤링,1
플랜트,1
오르다,1
제이콥,1
윤빛,1
김혜경,1
빅토,1
트렉,1
춘추,1
도야지,1
원두,1
스캔들,1
이스트,1
리폼사,1
북한,1
삿포로,1
대통령,1
해공,1
프레드,1
꼬들,1
깨비,1
약품,1
송정,1
가정,1
독일,1
지멘스,1
옐로우,1
주핏,1
럭스,1
도아,1
피티,1
그릴,1
신천,1
고정,1
떡보,1
민속,1
얼음왕국,1
보글,1
마약,1
대패,1
메밀,1
머슴,1
온정,1
바우,1
한주,1
벌스,1
놀러와,1
유포,1
목련,1
여진,1
유광,1
김철호,1
임안,1
성재,1
영민,1
계림,1
닭도리탕,1
바정,1
알로하,1
아궁이,1
도야,1
돌생,1
구리읍,1
비피엠,1
영재,1
유투,1
보승,1
영수,1
윤수,1
약속,1
장소,1
스코,1
보안,1
헤베,1
더풋,1
고흐,1
의방,1
녹스,1
씨방,1
민호,1
동행,1
펫츠,1
포엘몽,1
이브,1
웨딩,1
깃관,1
소개,1
손끗,1
꽃담,1
파도,1
썸네일,1
준영,1
화신,1
앞치마,1
제노바,1
가방,1
정확,1
신원사,1
쏘르떼,1
화차,1
영역,1
부루,1
엠블,1
푸드코트,1
양소영,1
인더,1
더빛,1
또렷,1
배팅,1
니엘,1
수재,1
링키홈,1
꼼질,1
실력,1
경매,1
문해,1
비터스,1
안과,1
초벌,1
갯벌,1
아빠,1
방워,1
김봉,1
푸시,1
멋쟁이,1
예은,1
라오,1
웨스트우드,1
커튼,1
가창,1
커텐,1
사다새,1
코리안,1
손스,1
창주,1
수만휘,1
금세,1
보스,1
러블리,1
칼리지,1
브리,1
더기,1
남서,1
진아,1
부양,1
소풍,1
타짜,1
장위동,1
락앤롤,1
영동,1
나리,1
정이,1
순대집,1
풋볼,1
마운틴,1
밍짐,1
필라,1
토고,1
몬드,1
토토,1
우월,1
복권,1
어디,1
동의보감,1
까리뇨,1
어향,1
밀곳,1
동막골,1
샌드,1
꼬야,1
만이,1
두꺼비,1
러비듀래쉬,1
버킷,1
금선,1
부띠,1
폼프,1
매니아,1
보미,1
세안,1
오정,1
한살림,1
소비자,1
생활협동조합,1
김정문,1
알로,1
고래고래,1
가장,1
참사,1
조민우,1
나날이,1
윤순영,1
송스,1
드엠,1
고구려,1
오리진,1
럼블,1
이크,1
송정동,1
대한민국만세,1
자미,1
미주,1
차밍,1
커브,1
헌터,1
댕스기빙,1
소품,1
바이오,1
매트,1
손길,1
창건,1
신창호,1
삼정,1
택배,1
달점,1
최민재,1
비뉴,1
헤어스타일,1
아이리스,1
일분,1
동광,1
솔로몬,1
리하나,1
인쇄소,1
다람쥐,1
곳간,1
배통,1
투비,1
투라,1
사회학,1
자성,1
멘토스,1
알고리즘,1
수능,1
아오이,1
리턴,1
엑스코,1
하리,1
럼프,1
희샌드,1
카라멜,1
참살이,1
옥도,1
어사,1
식육,1
처리,1
기능사,1
미트,1
키트,1
엠바,1
레오,1
어나더,1
송헤어룸,1
농산물,1
판매점,1
들꽃,1
진개,1
디어,1
달빛,1
광택,1
현승,1
모먼트,1
상가,1
미음,1
장식,1
이솝,1
보람,1
이연희,1
플루트,1
정쌤,1
청순,1
벌말로,1
막작,1
골수,1
구레,1
형아,1
맥가이버,1
선방,1
쿠첸,1
활력소,1
런드렛,1
수련,1
아랑,1
병아리,1
오디오,1
신행,1
헤이,1
금비,1
재호,1
최블리,1
김문기,1
서예원,1
리아드,1
터보,1
수영장,1
씨엘,1
터치,1
한솥,1
신바람,1
홍주,1
알투,1
밍키,1
관상어,1
믹스,1
매치,1
호기,1
야키토리,1
콧코,1
케이티,1
구내식당,1
중독,1
커피마마,1
악기,1
한치,1
교정,1
일치,1
보룡,1
비타,1
열정,1
머슬업,1
모아핏,1
우리당,1
픽업,1
케익,1
네마,1
럭키걸,1
제이엔,1
태초,1
스킹,1
온음,1
제트,1
층집,1
청대,1
수제비,1
력수택점,1
방이,1
미스,1
햄버거,1
해달,1
본가,1
법무사,1
법무,1
법인,1
토은,1
트윈,1
꼼꼬미,1
파사,1
채원,1
오렌지,1
클랑,1
선화,1
오오카미,1
시쿠,1
전국,1
남장,1
덕성,1
만리장성,1
중국집,1
움점,1
하임스터디,1
동아리,1
뽀빠이,1
치맥,1
광장,1
신진,1
양행,1
부연,1
구두,1
제이비,1
디본,1
텐션,1
더촌,1
이지원,1
아이리쉬,1
몰디브,1
한도,1
청맥,1
은비,1
프리미어,1
아이지,1
복사,1
화비,1
아토,1
에스티,1
사의,1
뉴진,1
바웃,1
뷰티풀,1
니트,1
지지,1
슈올즈,1
방울방울,1
강의,1
중계,1
치매,1
시브,1
창식,1
가마솥,1
웰덤,1
맛닭꼬,1
손끝,1
지크,1
임짐,1
김영미,1
비젼,1
하랑,1
혜숙,1
하이라이트,1
구피,1
김순,1
드벨,1
컬러,1
바이써,1
겨자씨,1
우물,1
조달,1
수경,1
앤스,1
전라도,1
촌놈,1
떡갈비,1
십초,1
홍삼,1
엘리,1
허밍,1
한독,1
티셔츠,1
루쏘소,1
지붕,1
기담,1
안드레아,1
테라스,1
잔해,1
보드게임,1
루팡,1
시즌,1
코치,1
지도,1
대장,1
이데아,1
대치동,1
이수정,1
에스코트,1
폭탄머리,1
범표,1
해피타임,1
시퀀스,1
츠쿠요미,1
리하,1
인창각,1
여명,1
매화,1
리듬,1
바라봄,1
셜록홈즈,1
마쥬,1
가죽,1
애집,1
디엔에이,1
팝콘,1
샐러드,1
당지,1
방구,1
밀레,1
숙명,1
김진,1
도스,1
고등,1
리제,1
일드,1
이담,1
고트,1
승리,1
택정,1
황금어장,1
다이닝,1
야경,1
비주,1
청량,1
스게,1
백토,1
데니,1
정수기,1
장인,1
쌈지,1
무빙,1
유이,1
선구,1
원한,1
약방,1
마더,1
박수만,1
지인,1
아이아이,1
인성,1
우남,1
생명,1
뿌리,1
허성,1
모범,1
운전자,1
잎담,1
이자,1
맛김치,1
느루밀방,1
정환,1
임실,1
검배,1
엠케,1
이제이유,1
신망애,1
우수,1
조은경,1
희한,1
인빌,1
가족사,1
동국,1
사이공,1
이웅,1
박태석,1
레인보우,1
트웰브,1
휠서스,1
봉붕모터스,1
주정,1
틴트,1
평화,1
채널,1
옥수,1
인더솝,1
한세상,1
더블,1
꼬모,1
피알,1
요빠,1
포이,1
사또,1
이오,1
항공,1
민소,1
향남,1
인트,1
필름,1
비피,1
현윤,1
리노,1
간지,1
베스,1
엘레,1
강스,1
피죤,1
이현,1
마존,1
현정은,1
커넥츠프,1
공시,1
이규백,1
청구,1
위담,1
청호,1
샤브홀릭오,1
탈모,1
포인트,1
칠오,1
퓨어,1
푸스케,1
바비,1
미로,1
아우라,1
미하,1
카페나,1
시래기,1
우리나라,1
인쌩,1
부안,1
주택,1
성수,1
집앞,1
영어교실,1
박성순,1
나예,1
열강,1
수직,1
상승,1
더크,1
나스,1
동그라미,1
판다,1
글로브,1
데이비스,1
난생,1
삼순,1
리사,1
노점,1
워낭소리,1
유엔,1
꼬모쉐,1
라렌느,1
아가페,1
엘렌,1
팩토,1
김라미,1
점김,1
명미,1
도화지,1
윤찹쌀꽈,1
고로케,1
길가,1
애담,1
또바기,1
산골,1
멍스,1
맛통,1
창제,1
터스,1
케렌,1
시아,1
간술,1
짝태앤,1
터리,1
클라우드,1
한식당,1
싸리,1
어게인,1
스넥,1
해빛,1
비즈니스,1
박정우,1
황혜진,1
상희,1
대계,1
온유,1
내츄럴,1
명진,1
은하,1
양화로,1
둥지,1
고집,1
자애,1
부촌,1
신기루,1
스케,1
익앤,1
코비,1
마쯔,1
이치,1
레시피,1
일심,1
콩다방,1
물레,1
차이나,1
촨촨촨,1
리마,1
영계,1
소문,1
술퍼,1
딥매,1
인사이트,1
강추,1
창원,1
창룡,1
토론,1
예감,1
안골,1
소금,1
철망,1
휀스,1
국보,1
뚱보네랭삼,1
이자카야,1
간빠이,1
회룡포,1
이서진,1
향리,1
청해진,1
히레,1
방일,1
나완석,1
아도겐,1
토람터,1
카플릭스,1
일군,1
지물,1
매입,1
소녀,1
사나이,1
윌튼,1
컷츠,1
이경희,1
크로스,1
김도경,1
스페이스,1
김금숙,1
윤슬,1
숲칼프,1
캘리,1
기분,1
삼미당,1
은행,1
바쿠스,1
호두,1
오누이,1
한결,1
석유,1
웨이,1
카엠모터스,1
모빌리티,1
틴틴,1
글리,1
무무,1
택제,1
꽁스,1
첨탑,1
공력,1
터전,1
오버,1
더샘,1
블레싱,1
목화,1
이채,1
만화,1
애니메이션,1
비트,1
듀플렉스,1
커피콩,1
아인,1
상자,1
포장,1
저스트,1
소율,1
엘린,1
청해,1
자전차,1
렉카,1
앤디,1
윈드,1
파워,1
은진,1
슈퍼카,1
피크,1
디테,1
일링,1
금배,1
나들목,1
공릉,1
옵티마,1
테크노,1
미싱,1
달리기,1
예술,1
김민기,1
스포츠클럽,1
심포니,1
애견샵,1
초롱,1
포옹,1
불곰,1
장수왕,1
신우,1
뚜삼,1
스피닝,1
원더,1
피쉬,1
활기,1
연주,1
제이윤,1
미가,1
음향,1
라라라,1
핸드,1
메이,1
후힛,1
탄성,1
코트,1
윤하,1
왕정,1
꼬숩,1
탕후루,1
멍텅구리,1
고려대,1
유현,1
느루,1
아몬드,1
소나무,1
명화,1
경도,1
정훈,1
포즈,1
포트,1
캔커피,1
무명,1
미남,1
이명희,1
지메드,1
어퍼,1
돌쇠,1
그집랭삼,1
해남,1
크림,1
세수,1
스위트리빙텔,1
투어,1
시민,1
마리나,1
커피클럽,1
루체,1
경평,1
엔피,1
드랍더짐,1
이진민,1
갈매역,1
아이파크,1
아셀,1
양복,1
레이즈,1
타점,1
영창피아노,1
현악기,1
스쿼시,1
강남스타일,1
로우,1
관마,1
막국수,1
꽁꽁,1
소희,1
한송이,1
마카롱,1
초아,1
홈인,1
창호,1
샷시,1
승일,1
금속,1
돈워리독,1
호세,1
하하,1
규수,1
전사,1
밋션,1
동창,1
협력,1
비씨,1
세차,1
쌀맛나,1
농부가,1
두레박,1
호윤,1
군집,1
씨제이,1
카미,1
연애,1
찬앤,1
식사,1
호박,1
넝쿨,1
농업,1
회사법,1
진남,1
명성식품,1
오스,1
미도,1
버켓,1
여실,1
원더풀,1
티스,1
스파르타,1
독학,1
재수,1
동아,1
라인업,1
갈비살,1
배드,1
덕우,1
셰프,1
삼남,1
청송,1
떡순,1
호주,1
면세,1
체온,1
미자르,1
쉬즈,1
헤븐,1
외양간,1
모리셔스,1
보이,1
응접실,1
던킨,1
월식,1
이맘,1
명재,1
나물,1
유박사,1
방실이,1
다예,1
도령,1
레공,1
아이엠,1
도넛,1
소풍가는날,1
브래뉴,1
장보,1
꽃님,1
뮤비,1
미리,1
로타리,1
보디가드,1
진미,1
개똥이,1
실업,1
알제,1
츄앤츄,1
